,Model,Position,Weight,Pressure,Temperature
0,LPS,0,0,1018.93, 22.06
1,LPS,0,0,1018.92, 22.05
2,LPS,0,0,1018.88, 22.06
3,LPS,0,0,1018.89, 22.05
4,LPS,0,0,1018.91, 22.05
5,LPS,0,0,1018.93, 22.06
6,LPS,0,0,1018.94, 22.06
7,LPS,0,0,1018.93, 22.06
8,LPS,0,0,1018.95, 22.06
9,LPS,0,0,1018.93, 22.06
10,LPS,0,0,1018.95, 22.06
11,LPS,0,0,1018.89, 22.06
12,LPS,0,0,1018.90, 22.06
13,LPS,0,0,1018.91, 22.05
14,LPS,0,0,1018.91, 22.06
15,LPS,0,0,1018.92, 22.06
16,LPS,0,0,1018.92, 22.06
17,LPS,0,0,1018.92, 22.06
18,LPS,0,0,1018.91, 22.05
19,LPS,0,0,1018.90, 22.05
20,LPS,0,0,1018.92, 22.06
21,LPS,0,0,1018.91, 22.05
22,LPS,0,0,1018.89, 22.06
23,LPS,0,0,1018.94, 22.05
24,LPS,0,0,1018.89, 22.06
25,LPS,0,0,1018.91, 22.06
26,LPS,0,0,1018.90, 22.05
27,LPS,0,0,1018.93, 22.06
28,LPS,0,0,1018.94, 22.06
29,LPS,0,0,1018.93, 22.06
30,LPS,0,0,1018.91, 22.06
31,LPS,0,0,1018.89, 22.05
32,LPS,0,0,1018.88, 22.06
33,LPS,0,0,1018.92, 22.06
34,LPS,0,0,1018.94, 22.05
35,LPS,0,0,1018.89, 22.05
36,LPS,0,0,1018.87, 22.05
37,LPS,0,0,1018.90, 22.06
38,LPS,0,0,1018.89, 22.05
39,LPS,0,0,1018.89, 22.06
40,LPS,0,0,1018.90, 22.06
41,LPS,0,0,1018.92, 22.06
42,LPS,0,0,1018.92, 22.06
43,LPS,0,0,1018.93, 22.05
44,LPS,0,0,1018.88, 22.06
45,LPS,0,0,1018.92, 22.05
46,LPS,0,0,1018.88, 22.05
47,LPS,0,0,1018.90, 22.06
48,LPS,0,0,1018.89, 22.05
49,LPS,0,0,1018.87, 22.05
50,LPS,0,0,1018.91, 22.06
51,LPS,0,0,1018.92, 22.06
52,LPS,0,0,1018.92, 22.06
53,LPS,0,0,1018.91, 22.06
54,LPS,0,0,1018.87, 22.05
55,LPS,0,0,1018.91, 22.05
56,LPS,0,0,1018.90, 22.05
57,LPS,0,0,1018.90, 22.05
58,LPS,0,0,1018.90, 22.05
59,LPS,0,0,1018.88, 22.05
60,LPS,0,0,1018.90, 22.05
61,LPS,0,0,1018.89, 22.05
62,LPS,0,0,1018.89, 22.06
63,LPS,0,0,1018.92, 22.06
64,LPS,0,0,1018.90, 22.05
65,LPS,0,0,1018.90, 22.06
66,LPS,0,0,1018.89, 22.05
67,LPS,0,0,1018.89, 22.05
68,LPS,0,0,1018.89, 22.05
69,LPS,0,0,1018.91, 22.06
70,LPS,0,0,1018.86, 22.05
71,LPS,0,0,1018.90, 22.05
72,LPS,0,0,1018.89, 22.05
73,LPS,0,0,1018.91, 22.06
74,LPS,0,0,1018.89, 22.05
75,LPS,0,0,1018.88, 22.05
76,LPS,0,0,1018.90, 22.05
77,LPS,0,0,1018.88, 22.06
78,LPS,0,0,1018.94, 22.06
79,LPS,0,0,1018.88, 22.05
80,LPS,0,0,1018.89, 22.05
81,LPS,0,0,1018.87, 22.06
82,LPS,0,0,1018.92, 22.06
83,LPS,0,0,1018.92, 22.05
84,LPS,0,0,1018.89, 22.05
85,LPS,0,0,1018.89, 22.06
86,LPS,0,0,1018.92, 22.06
87,LPS,0,0,1018.90, 22.05
88,LPS,0,0,1018.90, 22.05
89,LPS,0,0,1018.87, 22.06
90,LPS,0,0,1018.90, 22.06
91,LPS,0,0,1018.88, 22.06
92,LPS,0,0,1018.92, 22.06
93,LPS,0,0,1018.91, 22.05
94,LPS,0,0,1018.90, 22.06
95,LPS,0,0,1018.92, 22.06
96,LPS,0,0,1018.93, 22.05
97,LPS,0,0,1018.90, 22.06
98,LPS,0,0,1018.91, 22.05
99,LPS,0,0,1018.87, 22.06
100,LPS,0,35,1018.92, 22.05
101,LPS,0,35,1020.41, 22.04
102,LPS,0,35,1020.37, 22.05
103,LPS,0,35,1020.42, 22.05
104,LPS,0,35,1020.41, 22.04
105,LPS,0,35,1020.39, 22.05
106,LPS,0,35,1020.38, 22.05
107,LPS,0,35,1020.39, 22.05
108,LPS,0,35,1020.41, 22.05
109,LPS,0,35,1020.38, 22.05
110,LPS,0,35,1020.36, 22.04
111,LPS,0,35,1020.38, 22.05
112,LPS,0,35,1020.39, 22.05
113,LPS,0,35,1020.36, 22.05
114,LPS,0,35,1020.41, 22.05
115,LPS,0,35,1020.41, 22.05
116,LPS,0,35,1020.42, 22.05
117,LPS,0,35,1020.39, 22.04
118,LPS,0,35,1020.39, 22.05
119,LPS,0,35,1020.40, 22.04
120,LPS,0,35,1020.40, 22.05
121,LPS,0,35,1020.40, 22.05
122,LPS,0,35,1020.40, 22.05
123,LPS,0,35,1020.41, 22.05
124,LPS,0,35,1020.41, 22.05
125,LPS,0,35,1020.43, 22.05
126,LPS,0,35,1020.41, 22.05
127,LPS,0,35,1020.42, 22.05
128,LPS,0,35,1020.41, 22.05
129,LPS,0,35,1020.42, 22.05
130,LPS,0,35,1020.41, 22.05
131,LPS,0,35,1020.41, 22.05
132,LPS,0,35,1020.41, 22.04
133,LPS,0,35,1020.39, 22.04
134,LPS,0,35,1020.41, 22.04
135,LPS,0,35,1020.41, 22.05
136,LPS,0,35,1020.43, 22.05
137,LPS,0,35,1020.39, 22.04
138,LPS,0,35,1020.41, 22.04
139,LPS,0,35,1020.41, 22.05
140,LPS,0,35,1020.44, 22.06
141,LPS,0,35,1020.45, 22.05
142,LPS,0,35,1020.43, 22.05
143,LPS,0,35,1020.41, 22.05
144,LPS,0,35,1020.43, 22.04
145,LPS,0,35,1020.38, 22.05
146,LPS,0,35,1020.41, 22.05
147,LPS,0,35,1020.39, 22.05
148,LPS,0,35,1020.43, 22.04
149,LPS,0,35,1020.41, 22.04
150,LPS,0,35,1020.43, 22.05
151,LPS,0,35,1020.43, 22.05
152,LPS,0,35,1020.43, 22.05
153,LPS,0,35,1020.42, 22.05
154,LPS,0,35,1020.43, 22.05
155,LPS,0,35,1020.41, 22.05
156,LPS,0,35,1020.46, 22.05
157,LPS,0,35,1020.42, 22.04
158,LPS,0,35,1020.42, 22.05
159,LPS,0,35,1020.41, 22.05
160,LPS,0,35,1020.43, 22.05
161,LPS,0,35,1020.43, 22.04
162,LPS,0,35,1020.43, 22.04
163,LPS,0,35,1020.42, 22.05
164,LPS,0,35,1020.46, 22.05
165,LPS,0,35,1020.46, 22.04
166,LPS,0,35,1020.42, 22.05
167,LPS,0,35,1020.43, 22.05
168,LPS,0,35,1020.43, 22.04
169,LPS,0,35,1020.44, 22.04
170,LPS,0,35,1020.41, 22.05
171,LPS,0,35,1020.43, 22.04
172,LPS,0,35,1020.42, 22.04
173,LPS,0,35,1020.44, 22.05
174,LPS,0,35,1020.42, 22.04
175,LPS,0,35,1020.43, 22.04
176,LPS,0,35,1020.41, 22.04
177,LPS,0,35,1020.46, 22.04
178,LPS,0,35,1020.41, 22.05
179,LPS,0,35,1020.46, 22.05
180,LPS,0,35,1020.42, 22.05
181,LPS,0,35,1020.46, 22.04
182,LPS,0,35,1020.44, 22.04
183,LPS,0,35,1020.45, 22.05
184,LPS,0,35,1020.45, 22.04
185,LPS,0,35,1020.44, 22.05
186,LPS,0,35,1020.43, 22.04
187,LPS,0,35,1020.46, 22.04
188,LPS,0,35,1020.45, 22.04
189,LPS,0,35,1020.44, 22.04
190,LPS,0,35,1020.43, 22.04
191,LPS,0,35,1020.44, 22.04
192,LPS,0,35,1020.44, 22.05
193,LPS,0,35,1020.44, 22.05
194,LPS,0,35,1020.44, 22.05
195,LPS,0,35,1020.47, 22.04
196,LPS,0,35,1020.46, 22.04
197,LPS,0,35,1020.45, 22.05
198,LPS,0,35,1020.47, 22.05
199,LPS,0,35,1020.47, 22.04
200,LPS,0,0,1020.49, 22.04
201,LPS,0,0,1018.96, 22.04
202,LPS,0,0,1018.98, 22.04
203,LPS,0,0,1018.94, 22.04
204,LPS,0,0,1018.98, 22.04
205,LPS,0,0,1018.98, 22.04
206,LPS,0,0,1018.98, 22.04
207,LPS,0,0,1018.99, 22.04
208,LPS,0,0,1018.98, 22.04
209,LPS,0,0,1018.97, 22.04
210,LPS,0,0,1018.97, 22.04
211,LPS,0,0,1018.99, 22.04
212,LPS,0,0,1018.94, 22.04
213,LPS,0,0,1018.94, 22.04
214,LPS,0,0,1018.94, 22.04
215,LPS,0,0,1018.96, 22.04
216,LPS,0,0,1018.97, 22.04
217,LPS,0,0,1018.94, 22.04
218,LPS,0,0,1018.95, 22.04
219,LPS,0,0,1018.96, 22.04
220,LPS,0,0,1018.97, 22.04
221,LPS,0,0,1018.94, 22.04
222,LPS,0,0,1018.95, 22.04
223,LPS,0,0,1018.96, 22.05
224,LPS,0,0,1018.96, 22.04
225,LPS,0,0,1018.98, 22.04
226,LPS,0,0,1018.92, 22.04
227,LPS,0,0,1018.94, 22.04
228,LPS,0,0,1018.93, 22.04
229,LPS,0,0,1018.94, 22.04
230,LPS,0,0,1018.96, 22.04
231,LPS,0,0,1018.92, 22.04
232,LPS,0,0,1018.95, 22.04
233,LPS,0,0,1018.93, 22.04
234,LPS,0,0,1018.95, 22.03
235,LPS,0,0,1018.90, 22.04
236,LPS,0,0,1018.92, 22.03
237,LPS,0,0,1018.88, 22.04
238,LPS,0,0,1018.89, 22.04
239,LPS,0,0,1018.91, 22.04
240,LPS,0,0,1018.90, 22.04
241,LPS,0,0,1018.94, 22.04
242,LPS,0,0,1018.91, 22.04
243,LPS,0,0,1018.90, 22.04
244,LPS,0,0,1018.93, 22.04
245,LPS,0,0,1018.89, 22.04
246,LPS,0,0,1018.93, 22.04
247,LPS,0,0,1018.92, 22.04
248,LPS,0,0,1018.92, 22.04
249,LPS,0,0,1018.94, 22.04
250,LPS,0,0,1018.90, 22.04
251,LPS,0,0,1018.92, 22.04
252,LPS,0,0,1018.89, 22.04
253,LPS,0,0,1018.92, 22.04
254,LPS,0,0,1018.93, 22.04
255,LPS,0,0,1018.90, 22.04
256,LPS,0,0,1018.93, 22.04
257,LPS,0,0,1018.90, 22.04
258,LPS,0,0,1018.90, 22.04
259,LPS,0,0,1018.92, 22.04
260,LPS,0,0,1018.89, 22.04
261,LPS,0,0,1018.89, 22.04
262,LPS,0,0,1018.88, 22.04
263,LPS,0,0,1018.89, 22.04
264,LPS,0,0,1018.90, 22.04
265,LPS,0,0,1018.89, 22.04
266,LPS,0,0,1018.91, 22.04
267,LPS,0,0,1018.89, 22.04
268,LPS,0,0,1018.90, 22.04
269,LPS,0,0,1018.90, 22.04
270,LPS,0,0,1018.88, 22.03
271,LPS,0,0,1018.90, 22.04
272,LPS,0,0,1018.89, 22.04
273,LPS,0,0,1018.90, 22.04
274,LPS,0,0,1018.88, 22.04
275,LPS,0,0,1018.86, 22.04
276,LPS,0,0,1018.89, 22.04
277,LPS,0,0,1018.89, 22.04
278,LPS,0,0,1018.88, 22.03
279,LPS,0,0,1018.88, 22.03
280,LPS,0,0,1018.88, 22.03
281,LPS,0,0,1018.86, 22.04
282,LPS,0,0,1018.86, 22.04
283,LPS,0,0,1018.87, 22.04
284,LPS,0,0,1018.86, 22.04
285,LPS,0,0,1018.87, 22.04
286,LPS,0,0,1018.86, 22.04
287,LPS,0,0,1018.87, 22.04
288,LPS,0,0,1018.89, 22.04
289,LPS,0,0,1018.87, 22.03
290,LPS,0,0,1018.87, 22.04
291,LPS,0,0,1018.87, 22.04
292,LPS,0,0,1018.87, 22.04
293,LPS,0,0,1018.89, 22.04
294,LPS,0,0,1018.85, 22.03
295,LPS,0,0,1018.85, 22.04
296,LPS,0,0,1018.87, 22.03
297,LPS,0,0,1018.85, 22.04
298,LPS,0,0,1018.89, 22.04
299,LPS,0,0,1018.89, 22.03
300,LPS,5,0,1018.87, 22.03
301,LPS,5,0,1018.83, 22.04
302,LPS,5,0,1018.85, 22.03
303,LPS,5,0,1018.83, 22.03
304,LPS,5,0,1018.82, 22.03
305,LPS,5,0,1018.82, 22.03
306,LPS,5,0,1018.83, 22.04
307,LPS,5,0,1018.85, 22.04
308,LPS,5,0,1018.86, 22.03
309,LPS,5,0,1018.87, 22.04
310,LPS,5,0,1018.86, 22.03
311,LPS,5,0,1018.83, 22.04
312,LPS,5,0,1018.81, 22.04
313,LPS,5,0,1018.85, 22.03
314,LPS,5,0,1018.83, 22.04
315,LPS,5,0,1018.86, 22.03
316,LPS,5,0,1018.84, 22.04
317,LPS,5,0,1018.84, 22.03
318,LPS,5,0,1018.82, 22.03
319,LPS,5,0,1018.85, 22.04
320,LPS,5,0,1018.82, 22.03
321,LPS,5,0,1018.84, 22.03
322,LPS,5,0,1018.85, 22.04
323,LPS,5,0,1018.84, 22.03
324,LPS,5,0,1018.83, 22.04
325,LPS,5,0,1018.80, 22.04
326,LPS,5,0,1018.84, 22.03
327,LPS,5,0,1018.84, 22.03
328,LPS,5,0,1018.82, 22.03
329,LPS,5,0,1018.85, 22.03
330,LPS,5,0,1018.83, 22.03
331,LPS,5,0,1018.83, 22.03
332,LPS,5,0,1018.82, 22.04
333,LPS,5,0,1018.84, 22.03
334,LPS,5,0,1018.83, 22.03
335,LPS,5,0,1018.82, 22.03
336,LPS,5,0,1018.81, 22.04
337,LPS,5,0,1018.83, 22.04
338,LPS,5,0,1018.85, 22.04
339,LPS,5,0,1018.79, 22.03
340,LPS,5,0,1018.81, 22.04
341,LPS,5,0,1018.81, 22.03
342,LPS,5,0,1018.84, 22.03
343,LPS,5,0,1018.81, 22.03
344,LPS,5,0,1018.80, 22.03
345,LPS,5,0,1018.81, 22.04
346,LPS,5,0,1018.83, 22.04
347,LPS,5,0,1018.83, 22.04
348,LPS,5,0,1018.84, 22.03
349,LPS,5,0,1018.82, 22.04
350,LPS,5,0,1018.83, 22.04
351,LPS,5,0,1018.84, 22.04
352,LPS,5,0,1018.82, 22.04
353,LPS,5,0,1018.85, 22.03
354,LPS,5,0,1018.81, 22.03
355,LPS,5,0,1018.80, 22.04
356,LPS,5,0,1018.83, 22.03
357,LPS,5,0,1018.81, 22.04
358,LPS,5,0,1018.82, 22.03
359,LPS,5,0,1018.81, 22.03
360,LPS,5,0,1018.81, 22.03
361,LPS,5,0,1018.81, 22.03
362,LPS,5,0,1018.79, 22.03
363,LPS,5,0,1018.81, 22.03
364,LPS,5,0,1018.82, 22.04
365,LPS,5,0,1018.79, 22.03
366,LPS,5,0,1018.80, 22.03
367,LPS,5,0,1018.81, 22.04
368,LPS,5,0,1018.81, 22.03
369,LPS,5,0,1018.83, 22.03
370,LPS,5,0,1018.81, 22.03
371,LPS,5,0,1018.81, 22.04
372,LPS,5,0,1018.82, 22.03
373,LPS,5,0,1018.81, 22.03
374,LPS,5,0,1018.79, 22.03
375,LPS,5,0,1018.81, 22.04
376,LPS,5,0,1018.84, 22.04
377,LPS,5,0,1018.82, 22.04
378,LPS,5,0,1018.84, 22.03
379,LPS,5,0,1018.80, 22.04
380,LPS,5,0,1018.80, 22.04
381,LPS,5,0,1018.81, 22.03
382,LPS,5,0,1018.79, 22.04
383,LPS,5,0,1018.82, 22.04
384,LPS,5,0,1018.82, 22.04
385,LPS,5,0,1018.84, 22.04
386,LPS,5,0,1018.84, 22.04
387,LPS,5,0,1018.82, 22.04
388,LPS,5,0,1018.80, 22.04
389,LPS,5,0,1018.87, 22.04
390,LPS,5,0,1018.82, 22.04
391,LPS,5,0,1018.81, 22.04
392,LPS,5,0,1018.80, 22.04
393,LPS,5,0,1018.80, 22.03
394,LPS,5,0,1018.80, 22.04
395,LPS,5,0,1018.83, 22.04
396,LPS,5,0,1018.81, 22.04
397,LPS,5,0,1018.85, 22.04
398,LPS,5,0,1018.80, 22.04
399,LPS,5,0,1018.82, 22.04
400,LPS,5,35,1018.81, 22.05
401,LPS,5,35,1019.56, 22.04
402,LPS,5,35,1019.56, 22.04
403,LPS,5,35,1019.53, 22.05
404,LPS,5,35,1019.59, 22.04
405,LPS,5,35,1019.58, 22.04
406,LPS,5,35,1019.54, 22.05
407,LPS,5,35,1019.57, 22.05
408,LPS,5,35,1019.59, 22.04
409,LPS,5,35,1019.54, 22.05
410,LPS,5,35,1019.56, 22.04
411,LPS,5,35,1019.56, 22.05
412,LPS,5,35,1019.56, 22.05
413,LPS,5,35,1019.59, 22.04
414,LPS,5,35,1019.55, 22.05
415,LPS,5,35,1019.56, 22.05
416,LPS,5,35,1019.58, 22.05
417,LPS,5,35,1019.57, 22.05
418,LPS,5,35,1019.55, 22.05
419,LPS,5,35,1019.61, 22.04
420,LPS,5,35,1019.56, 22.04
421,LPS,5,35,1019.59, 22.04
422,LPS,5,35,1019.56, 22.05
423,LPS,5,35,1019.57, 22.04
424,LPS,5,35,1019.57, 22.05
425,LPS,5,35,1019.56, 22.05
426,LPS,5,35,1019.59, 22.04
427,LPS,5,35,1019.56, 22.05
428,LPS,5,35,1019.58, 22.05
429,LPS,5,35,1019.57, 22.04
430,LPS,5,35,1019.57, 22.05
431,LPS,5,35,1019.54, 22.04
432,LPS,5,35,1019.55, 22.05
433,LPS,5,35,1019.58, 22.05
434,LPS,5,35,1019.58, 22.05
435,LPS,5,35,1019.57, 22.05
436,LPS,5,35,1019.58, 22.05
437,LPS,5,35,1019.57, 22.05
438,LPS,5,35,1019.57, 22.05
439,LPS,5,35,1019.55, 22.05
440,LPS,5,35,1019.56, 22.05
441,LPS,5,35,1019.55, 22.05
442,LPS,5,35,1019.57, 22.05
443,LPS,5,35,1019.58, 22.05
444,LPS,5,35,1019.58, 22.05
445,LPS,5,35,1019.57, 22.05
446,LPS,5,35,1019.60, 22.05
447,LPS,5,35,1019.58, 22.05
448,LPS,5,35,1019.55, 22.05
449,LPS,5,35,1019.56, 22.05
450,LPS,5,35,1019.60, 22.05
451,LPS,5,35,1019.56, 22.05
452,LPS,5,35,1019.58, 22.05
453,LPS,5,35,1019.61, 22.05
454,LPS,5,35,1019.58, 22.05
455,LPS,5,35,1019.60, 22.06
456,LPS,5,35,1019.61, 22.05
457,LPS,5,35,1019.56, 22.06
458,LPS,5,35,1019.59, 22.05
459,LPS,5,35,1019.58, 22.05
460,LPS,5,35,1019.59, 22.06
461,LPS,5,35,1019.58, 22.05
462,LPS,5,35,1019.56, 22.05
463,LPS,5,35,1019.57, 22.05
464,LPS,5,35,1019.58, 22.05
465,LPS,5,35,1019.59, 22.05
466,LPS,5,35,1019.59, 22.05
467,LPS,5,35,1019.60, 22.05
468,LPS,5,35,1019.59, 22.05
469,LPS,5,35,1019.56, 22.05
470,LPS,5,35,1019.60, 22.05
471,LPS,5,35,1019.58, 22.05
472,LPS,5,35,1019.59, 22.05
473,LPS,5,35,1019.60, 22.06
474,LPS,5,35,1019.63, 22.05
475,LPS,5,35,1019.57, 22.05
476,LPS,5,35,1019.59, 22.06
477,LPS,5,35,1019.61, 22.06
478,LPS,5,35,1019.60, 22.05
479,LPS,5,35,1019.57, 22.05
480,LPS,5,35,1019.59, 22.05
481,LPS,5,35,1019.60, 22.06
482,LPS,5,35,1019.61, 22.05
483,LPS,5,35,1019.60, 22.05
484,LPS,5,35,1019.57, 22.06
485,LPS,5,35,1019.61, 22.05
486,LPS,5,35,1019.58, 22.05
487,LPS,5,35,1019.56, 22.05
488,LPS,5,35,1019.57, 22.05
489,LPS,5,35,1019.58, 22.05
490,LPS,5,35,1019.61, 22.05
491,LPS,5,35,1019.61, 22.05
492,LPS,5,35,1019.56, 22.06
493,LPS,5,35,1019.61, 22.06
494,LPS,5,35,1019.60, 22.06
495,LPS,5,35,1019.61, 22.06
496,LPS,5,35,1019.60, 22.06
497,LPS,5,35,1019.60, 22.06
498,LPS,5,35,1019.60, 22.05
499,LPS,5,35,1019.59, 22.06
500,LPS,5,0,1019.62, 22.06
501,LPS,5,0,1018.94, 22.06
502,LPS,5,0,1018.93, 22.06
503,LPS,5,0,1018.95, 22.06
504,LPS,5,0,1018.95, 22.06
505,LPS,5,0,1018.96, 22.06
506,LPS,5,0,1018.95, 22.06
507,LPS,5,0,1018.96, 22.06
508,LPS,5,0,1018.93, 22.06
509,LPS,5,0,1018.96, 22.06
510,LPS,5,0,1018.95, 22.06
511,LPS,5,0,1018.94, 22.06
512,LPS,5,0,1018.94, 22.06
513,LPS,5,0,1018.96, 22.06
514,LPS,5,0,1018.95, 22.06
515,LPS,5,0,1018.94, 22.06
516,LPS,5,0,1018.95, 22.06
517,LPS,5,0,1018.93, 22.06
518,LPS,5,0,1018.94, 22.06
519,LPS,5,0,1018.93, 22.06
520,LPS,5,0,1018.92, 22.06
521,LPS,5,0,1018.91, 22.06
522,LPS,5,0,1018.94, 22.06
523,LPS,5,0,1018.91, 22.06
524,LPS,5,0,1018.98, 22.06
525,LPS,5,0,1018.94, 22.06
526,LPS,5,0,1018.94, 22.06
527,LPS,5,0,1018.93, 22.06
528,LPS,5,0,1018.93, 22.06
529,LPS,5,0,1018.91, 22.06
530,LPS,5,0,1018.95, 22.06
531,LPS,5,0,1018.95, 22.06
532,LPS,5,0,1018.95, 22.07
533,LPS,5,0,1018.93, 22.06
534,LPS,5,0,1018.94, 22.07
535,LPS,5,0,1018.94, 22.07
536,LPS,5,0,1018.95, 22.06
537,LPS,5,0,1018.94, 22.06
538,LPS,5,0,1018.92, 22.06
539,LPS,5,0,1018.93, 22.07
540,LPS,5,0,1018.95, 22.07
541,LPS,5,0,1018.91, 22.06
542,LPS,5,0,1018.94, 22.06
543,LPS,5,0,1018.94, 22.06
544,LPS,5,0,1018.92, 22.07
545,LPS,5,0,1018.93, 22.07
546,LPS,5,0,1018.95, 22.07
547,LPS,5,0,1018.92, 22.07
548,LPS,5,0,1018.94, 22.07
549,LPS,5,0,1018.93, 22.07
550,LPS,5,0,1018.95, 22.07
551,LPS,5,0,1018.91, 22.07
552,LPS,5,0,1018.91, 22.07
553,LPS,5,0,1018.92, 22.07
554,LPS,5,0,1018.91, 22.06
555,LPS,5,0,1018.94, 22.06
556,LPS,5,0,1018.97, 22.06
557,LPS,5,0,1018.90, 22.07
558,LPS,5,0,1018.91, 22.07
559,LPS,5,0,1018.94, 22.07
560,LPS,5,0,1018.94, 22.06
561,LPS,5,0,1018.95, 22.07
562,LPS,5,0,1018.94, 22.06
563,LPS,5,0,1018.96, 22.06
564,LPS,5,0,1018.94, 22.06
565,LPS,5,0,1018.92, 22.07
566,LPS,5,0,1018.92, 22.06
567,LPS,5,0,1018.95, 22.07
568,LPS,5,0,1018.94, 22.07
569,LPS,5,0,1018.93, 22.06
570,LPS,5,0,1018.92, 22.07
571,LPS,5,0,1018.94, 22.06
572,LPS,5,0,1018.95, 22.07
573,LPS,5,0,1018.91, 22.07
574,LPS,5,0,1018.95, 22.07
575,LPS,5,0,1018.95, 22.07
576,LPS,5,0,1018.96, 22.07
577,LPS,5,0,1018.92, 22.07
578,LPS,5,0,1018.93, 22.07
579,LPS,5,0,1018.94, 22.07
580,LPS,5,0,1018.94, 22.07
581,LPS,5,0,1018.97, 22.07
582,LPS,5,0,1018.97, 22.06
583,LPS,5,0,1018.93, 22.07
584,LPS,5,0,1018.94, 22.07
585,LPS,5,0,1018.91, 22.07
586,LPS,5,0,1018.96, 22.07
587,LPS,5,0,1018.95, 22.07
588,LPS,5,0,1018.93, 22.07
589,LPS,5,0,1018.97, 22.07
590,LPS,5,0,1018.95, 22.07
591,LPS,5,0,1018.93, 22.07
592,LPS,5,0,1018.93, 22.07
593,LPS,5,0,1018.94, 22.07
594,LPS,5,0,1018.94, 22.07
595,LPS,5,0,1018.94, 22.07
596,LPS,5,0,1018.96, 22.06
597,LPS,5,0,1018.90, 22.07
598,LPS,5,0,1018.93, 22.07
599,LPS,5,0,1018.94, 22.07
600,LPS,10,0,1018.98, 22.08
601,LPS,10,0,1018.97, 22.08
602,LPS,10,0,1018.94, 22.08
603,LPS,10,0,1018.98, 22.08
604,LPS,10,0,1018.98, 22.08
605,LPS,10,0,1018.97, 22.08
606,LPS,10,0,1018.97, 22.08
607,LPS,10,0,1018.98, 22.08
608,LPS,10,0,1018.95, 22.08
609,LPS,10,0,1018.99, 22.08
610,LPS,10,0,1018.94, 22.08
611,LPS,10,0,1018.97, 22.08
612,LPS,10,0,1018.96, 22.08
613,LPS,10,0,1018.97, 22.09
614,LPS,10,0,1019.00, 22.08
615,LPS,10,0,1019.00, 22.08
616,LPS,10,0,1019.01, 22.08
617,LPS,10,0,1018.95, 22.08
618,LPS,10,0,1018.96, 22.08
619,LPS,10,0,1018.97, 22.08
620,LPS,10,0,1018.98, 22.09
621,LPS,10,0,1019.01, 22.08
622,LPS,10,0,1018.97, 22.08
623,LPS,10,0,1018.97, 22.08
624,LPS,10,0,1018.97, 22.08
625,LPS,10,0,1018.95, 22.08
626,LPS,10,0,1018.97, 22.08
627,LPS,10,0,1019.01, 22.08
628,LPS,10,0,1019.00, 22.08
629,LPS,10,0,1018.95, 22.08
630,LPS,10,0,1018.96, 22.08
631,LPS,10,0,1018.98, 22.08
632,LPS,10,0,1018.94, 22.08
633,LPS,10,0,1018.96, 22.08
634,LPS,10,0,1018.96, 22.08
635,LPS,10,0,1018.96, 22.08
636,LPS,10,0,1018.96, 22.09
637,LPS,10,0,1018.99, 22.08
638,LPS,10,0,1018.98, 22.08
639,LPS,10,0,1019.00, 22.09
640,LPS,10,0,1018.98, 22.08
641,LPS,10,0,1018.99, 22.08
642,LPS,10,0,1018.93, 22.08
643,LPS,10,0,1018.98, 22.08
644,LPS,10,0,1018.97, 22.09
645,LPS,10,0,1018.98, 22.08
646,LPS,10,0,1018.96, 22.08
647,LPS,10,0,1019.00, 22.08
648,LPS,10,0,1018.97, 22.08
649,LPS,10,0,1019.01, 22.09
650,LPS,10,0,1018.97, 22.08
651,LPS,10,0,1018.97, 22.09
652,LPS,10,0,1018.96, 22.08
653,LPS,10,0,1018.98, 22.09
654,LPS,10,0,1019.00, 22.08
655,LPS,10,0,1018.99, 22.08
656,LPS,10,0,1018.99, 22.08
657,LPS,10,0,1018.97, 22.09
658,LPS,10,0,1018.98, 22.08
659,LPS,10,0,1018.99, 22.08
660,LPS,10,0,1018.98, 22.08
661,LPS,10,0,1018.98, 22.08
662,LPS,10,0,1018.95, 22.08
663,LPS,10,0,1019.01, 22.09
664,LPS,10,0,1018.98, 22.09
665,LPS,10,0,1019.01, 22.09
666,LPS,10,0,1019.00, 22.10
667,LPS,10,0,1019.02, 22.09
668,LPS,10,0,1019.01, 22.09
669,LPS,10,0,1019.01, 22.08
670,LPS,10,0,1018.98, 22.09
671,LPS,10,0,1019.00, 22.09
672,LPS,10,0,1018.99, 22.08
673,LPS,10,0,1018.97, 22.08
674,LPS,10,0,1018.99, 22.09
675,LPS,10,0,1018.97, 22.09
676,LPS,10,0,1019.02, 22.09
677,LPS,10,0,1018.98, 22.10
678,LPS,10,0,1019.00, 22.09
679,LPS,10,0,1019.01, 22.09
680,LPS,10,0,1019.00, 22.09
681,LPS,10,0,1018.97, 22.09
682,LPS,10,0,1018.98, 22.09
683,LPS,10,0,1018.97, 22.09
684,LPS,10,0,1018.99, 22.08
685,LPS,10,0,1019.00, 22.08
686,LPS,10,0,1018.96, 22.09
687,LPS,10,0,1018.97, 22.09
688,LPS,10,0,1019.00, 22.09
689,LPS,10,0,1019.01, 22.09
690,LPS,10,0,1018.97, 22.09
691,LPS,10,0,1018.97, 22.09
692,LPS,10,0,1018.97, 22.09
693,LPS,10,0,1019.00, 22.09
694,LPS,10,0,1018.99, 22.10
695,LPS,10,0,1018.99, 22.08
696,LPS,10,0,1018.97, 22.09
697,LPS,10,0,1019.02, 22.09
698,LPS,10,0,1019.00, 22.10
699,LPS,10,0,1019.01, 22.09
700,LPS,10,35,1019.01, 22.10
701,LPS,10,35,1019.07, 22.10
702,LPS,10,35,1019.05, 22.09
703,LPS,10,35,1019.03, 22.10
704,LPS,10,35,1019.05, 22.10
705,LPS,10,35,1019.04, 22.10
706,LPS,10,35,1019.05, 22.09
707,LPS,10,35,1019.03, 22.09
708,LPS,10,35,1019.03, 22.10
709,LPS,10,35,1019.08, 22.10
710,LPS,10,35,1019.05, 22.10
711,LPS,10,35,1019.06, 22.10
712,LPS,10,35,1019.04, 22.10
713,LPS,10,35,1019.06, 22.10
714,LPS,10,35,1019.07, 22.09
715,LPS,10,35,1019.03, 22.10
716,LPS,10,35,1019.08, 22.10
717,LPS,10,35,1019.04, 22.10
718,LPS,10,35,1019.10, 22.10
719,LPS,10,35,1019.05, 22.11
720,LPS,10,35,1019.06, 22.10
721,LPS,10,35,1019.05, 22.10
722,LPS,10,35,1019.02, 22.10
723,LPS,10,35,1019.06, 22.11
724,LPS,10,35,1019.08, 22.10
725,LPS,10,35,1019.06, 22.10
726,LPS,10,35,1019.07, 22.10
727,LPS,10,35,1019.04, 22.10
728,LPS,10,35,1019.05, 22.10
729,LPS,10,35,1019.05, 22.11
730,LPS,10,35,1019.06, 22.10
731,LPS,10,35,1019.06, 22.10
732,LPS,10,35,1019.06, 22.10
733,LPS,10,35,1019.04, 22.10
734,LPS,10,35,1019.10, 22.10
735,LPS,10,35,1019.06, 22.10
736,LPS,10,35,1019.05, 22.10
737,LPS,10,35,1019.05, 22.10
738,LPS,10,35,1019.08, 22.10
739,LPS,10,35,1019.09, 22.10
740,LPS,10,35,1019.05, 22.10
741,LPS,10,35,1019.06, 22.10
742,LPS,10,35,1019.07, 22.10
743,LPS,10,35,1019.04, 22.10
744,LPS,10,35,1019.07, 22.10
745,LPS,10,35,1019.05, 22.10
746,LPS,10,35,1019.08, 22.10
747,LPS,10,35,1019.04, 22.10
748,LPS,10,35,1019.07, 22.10
749,LPS,10,35,1019.05, 22.10
750,LPS,10,35,1019.08, 22.10
751,LPS,10,35,1019.05, 22.10
752,LPS,10,35,1019.10, 22.11
753,LPS,10,35,1019.10, 22.10
754,LPS,10,35,1019.10, 22.10
755,LPS,10,35,1019.08, 22.10
756,LPS,10,35,1019.03, 22.11
757,LPS,10,35,1019.07, 22.11
758,LPS,10,35,1019.09, 22.10
759,LPS,10,35,1019.07, 22.10
760,LPS,10,35,1019.08, 22.10
761,LPS,10,35,1019.06, 22.11
762,LPS,10,35,1019.07, 22.11
763,LPS,10,35,1019.07, 22.10
764,LPS,10,35,1019.04, 22.11
765,LPS,10,35,1019.04, 22.10
766,LPS,10,35,1019.07, 22.10
767,LPS,10,35,1019.05, 22.10
768,LPS,10,35,1019.05, 22.10
769,LPS,10,35,1019.05, 22.10
770,LPS,10,35,1019.08, 22.10
771,LPS,10,35,1019.06, 22.11
772,LPS,10,35,1019.09, 22.11
773,LPS,10,35,1019.10, 22.10
774,LPS,10,35,1019.06, 22.11
775,LPS,10,35,1019.08, 22.11
776,LPS,10,35,1019.08, 22.10
777,LPS,10,35,1019.07, 22.10
778,LPS,10,35,1019.05, 22.11
779,LPS,10,35,1019.12, 22.10
780,LPS,10,35,1019.07, 22.10
781,LPS,10,35,1019.09, 22.11
782,LPS,10,35,1019.07, 22.11
783,LPS,10,35,1019.09, 22.11
784,LPS,10,35,1019.09, 22.11
785,LPS,10,35,1019.09, 22.11
786,LPS,10,35,1019.08, 22.11
787,LPS,10,35,1019.09, 22.11
788,LPS,10,35,1019.10, 22.11
789,LPS,10,35,1019.10, 22.11
790,LPS,10,35,1019.05, 22.10
791,LPS,10,35,1019.06, 22.11
792,LPS,10,35,1019.10, 22.11
793,LPS,10,35,1019.10, 22.11
794,LPS,10,35,1019.11, 22.11
795,LPS,10,35,1019.10, 22.11
796,LPS,10,35,1019.08, 22.11
797,LPS,10,35,1019.07, 22.10
798,LPS,10,35,1019.07, 22.11
799,LPS,10,35,1019.09, 22.11
800,LPS,10,0,1019.11, 22.11
801,LPS,10,0,1019.09, 22.11
802,LPS,10,0,1019.10, 22.11
803,LPS,10,0,1019.09, 22.11
804,LPS,10,0,1019.08, 22.11
805,LPS,10,0,1019.09, 22.11
806,LPS,10,0,1019.11, 22.12
807,LPS,10,0,1019.12, 22.11
808,LPS,10,0,1019.10, 22.12
809,LPS,10,0,1019.10, 22.12
810,LPS,10,0,1019.12, 22.11
811,LPS,10,0,1019.06, 22.11
812,LPS,10,0,1019.08, 22.11
813,LPS,10,0,1019.09, 22.11
814,LPS,10,0,1019.10, 22.11
815,LPS,10,0,1019.07, 22.11
816,LPS,10,0,1019.11, 22.11
817,LPS,10,0,1019.08, 22.12
818,LPS,10,0,1019.10, 22.11
819,LPS,10,0,1019.10, 22.12
820,LPS,10,0,1019.12, 22.11
821,LPS,10,0,1019.11, 22.11
822,LPS,10,0,1019.10, 22.11
823,LPS,10,0,1019.10, 22.12
824,LPS,10,0,1019.12, 22.11
825,LPS,10,0,1019.09, 22.11
826,LPS,10,0,1019.08, 22.11
827,LPS,10,0,1019.10, 22.12
828,LPS,10,0,1019.10, 22.12
829,LPS,10,0,1019.10, 22.11
830,LPS,10,0,1019.10, 22.11
831,LPS,10,0,1019.11, 22.12
832,LPS,10,0,1019.12, 22.12
833,LPS,10,0,1019.11, 22.12
834,LPS,10,0,1019.16, 22.12
835,LPS,10,0,1019.14, 22.12
836,LPS,10,0,1019.11, 22.12
837,LPS,10,0,1019.13, 22.12
838,LPS,10,0,1019.10, 22.11
839,LPS,10,0,1019.10, 22.12
840,LPS,10,0,1019.12, 22.12
841,LPS,10,0,1019.10, 22.12
842,LPS,10,0,1019.11, 22.11
843,LPS,10,0,1019.12, 22.12
844,LPS,10,0,1019.13, 22.11
845,LPS,10,0,1019.11, 22.11
846,LPS,10,0,1019.10, 22.12
847,LPS,10,0,1019.11, 22.12
848,LPS,10,0,1019.11, 22.12
849,LPS,10,0,1019.13, 22.11
850,LPS,10,0,1019.07, 22.12
851,LPS,10,0,1019.11, 22.11
852,LPS,10,0,1019.08, 22.12
853,LPS,10,0,1019.12, 22.12
854,LPS,10,0,1019.10, 22.12
855,LPS,10,0,1019.14, 22.12
856,LPS,10,0,1019.15, 22.11
857,LPS,10,0,1019.09, 22.11
858,LPS,10,0,1019.11, 22.12
859,LPS,10,0,1019.11, 22.12
860,LPS,10,0,1019.12, 22.12
861,LPS,10,0,1019.13, 22.12
862,LPS,10,0,1019.08, 22.11
863,LPS,10,0,1019.09, 22.12
864,LPS,10,0,1019.13, 22.12
865,LPS,10,0,1019.09, 22.11
866,LPS,10,0,1019.11, 22.12
867,LPS,10,0,1019.12, 22.12
868,LPS,10,0,1019.10, 22.12
869,LPS,10,0,1019.10, 22.12
870,LPS,10,0,1019.12, 22.12
871,LPS,10,0,1019.12, 22.12
872,LPS,10,0,1019.10, 22.12
873,LPS,10,0,1019.11, 22.12
874,LPS,10,0,1019.12, 22.12
875,LPS,10,0,1019.09, 22.12
876,LPS,10,0,1019.13, 22.12
877,LPS,10,0,1019.10, 22.12
878,LPS,10,0,1019.09, 22.12
879,LPS,10,0,1019.09, 22.12
880,LPS,10,0,1019.09, 22.13
881,LPS,10,0,1019.12, 22.12
882,LPS,10,0,1019.11, 22.12
883,LPS,10,0,1019.11, 22.12
884,LPS,10,0,1019.13, 22.12
885,LPS,10,0,1019.13, 22.13
886,LPS,10,0,1019.15, 22.12
887,LPS,10,0,1019.14, 22.12
888,LPS,10,0,1019.14, 22.13
889,LPS,10,0,1019.13, 22.12
890,LPS,10,0,1019.12, 22.12
891,LPS,10,0,1019.11, 22.12
892,LPS,10,0,1019.13, 22.12
893,LPS,10,0,1019.12, 22.12
894,LPS,10,0,1019.13, 22.12
895,LPS,10,0,1019.13, 22.12
896,LPS,10,0,1019.11, 22.12
897,LPS,10,0,1019.11, 22.12
898,LPS,10,0,1019.13, 22.12
899,LPS,10,0,1019.15, 22.12
900,LPS,15,0,1019.12, 22.13
901,LPS,15,0,1019.11, 22.12
902,LPS,15,0,1019.12, 22.13
903,LPS,15,0,1019.13, 22.13
904,LPS,15,0,1019.14, 22.13
905,LPS,15,0,1019.13, 22.12
906,LPS,15,0,1019.12, 22.13
907,LPS,15,0,1019.16, 22.13
908,LPS,15,0,1019.13, 22.13
909,LPS,15,0,1019.15, 22.13
910,LPS,15,0,1019.14, 22.12
911,LPS,15,0,1019.14, 22.13
912,LPS,15,0,1019.13, 22.13
913,LPS,15,0,1019.16, 22.12
914,LPS,15,0,1019.11, 22.13
915,LPS,15,0,1019.11, 22.13
916,LPS,15,0,1019.12, 22.13
917,LPS,15,0,1019.11, 22.13
918,LPS,15,0,1019.15, 22.13
919,LPS,15,0,1019.16, 22.13
920,LPS,15,0,1019.14, 22.13
921,LPS,15,0,1019.13, 22.13
922,LPS,15,0,1019.17, 22.13
923,LPS,15,0,1019.14, 22.12
924,LPS,15,0,1019.15, 22.13
925,LPS,15,0,1019.14, 22.13
926,LPS,15,0,1019.17, 22.13
927,LPS,15,0,1019.16, 22.13
928,LPS,15,0,1019.18, 22.13
929,LPS,15,0,1019.15, 22.12
930,LPS,15,0,1019.14, 22.13
931,LPS,15,0,1019.14, 22.13
932,LPS,15,0,1019.17, 22.13
933,LPS,15,0,1019.14, 22.13
934,LPS,15,0,1019.17, 22.13
935,LPS,15,0,1019.17, 22.13
936,LPS,15,0,1019.14, 22.13
937,LPS,15,0,1019.14, 22.13
938,LPS,15,0,1019.13, 22.13
939,LPS,15,0,1019.18, 22.13
940,LPS,15,0,1019.14, 22.13
941,LPS,15,0,1019.17, 22.14
942,LPS,15,0,1019.16, 22.13
943,LPS,15,0,1019.14, 22.13
944,LPS,15,0,1019.15, 22.13
945,LPS,15,0,1019.15, 22.13
946,LPS,15,0,1019.15, 22.14
947,LPS,15,0,1019.16, 22.13
948,LPS,15,0,1019.13, 22.13
949,LPS,15,0,1019.16, 22.13
950,LPS,15,0,1019.15, 22.13
951,LPS,15,0,1019.14, 22.13
952,LPS,15,0,1019.14, 22.14
953,LPS,15,0,1019.17, 22.13
954,LPS,15,0,1019.18, 22.13
955,LPS,15,0,1019.17, 22.13
956,LPS,15,0,1019.15, 22.13
957,LPS,15,0,1019.17, 22.13
958,LPS,15,0,1019.16, 22.13
959,LPS,15,0,1019.16, 22.13
960,LPS,15,0,1019.17, 22.13
961,LPS,15,0,1019.16, 22.14
962,LPS,15,0,1019.15, 22.14
963,LPS,15,0,1019.18, 22.14
964,LPS,15,0,1019.18, 22.14
965,LPS,15,0,1019.16, 22.14
966,LPS,15,0,1019.17, 22.14
967,LPS,15,0,1019.17, 22.13
968,LPS,15,0,1019.14, 22.14
969,LPS,15,0,1019.19, 22.14
970,LPS,15,0,1019.17, 22.13
971,LPS,15,0,1019.20, 22.13
972,LPS,15,0,1019.17, 22.14
973,LPS,15,0,1019.17, 22.14
974,LPS,15,0,1019.18, 22.14
975,LPS,15,0,1019.19, 22.14
976,LPS,15,0,1019.17, 22.13
977,LPS,15,0,1019.15, 22.13
978,LPS,15,0,1019.18, 22.14
979,LPS,15,0,1019.18, 22.14
980,LPS,15,0,1019.17, 22.13
981,LPS,15,0,1019.17, 22.14
982,LPS,15,0,1019.17, 22.14
983,LPS,15,0,1019.17, 22.14
984,LPS,15,0,1019.19, 22.14
985,LPS,15,0,1019.16, 22.13
986,LPS,15,0,1019.16, 22.13
987,LPS,15,0,1019.16, 22.14
988,LPS,15,0,1019.14, 22.14
989,LPS,15,0,1019.16, 22.14
990,LPS,15,0,1019.17, 22.14
991,LPS,15,0,1019.16, 22.13
992,LPS,15,0,1019.17, 22.14
993,LPS,15,0,1019.19, 22.14
994,LPS,15,0,1019.17, 22.14
995,LPS,15,0,1019.19, 22.13
996,LPS,15,0,1019.15, 22.14
997,LPS,15,0,1019.22, 22.14
998,LPS,15,0,1019.14, 22.15
999,LPS,15,0,1019.18, 22.14
1000,LPS,15,35,1019.19, 22.14
1001,LPS,15,35,1019.20, 22.14
1002,LPS,15,35,1019.21, 22.15
1003,LPS,15,35,1019.20, 22.14
1004,LPS,15,35,1019.18, 22.14
1005,LPS,15,35,1019.18, 22.14
1006,LPS,15,35,1019.19, 22.14
1007,LPS,15,35,1019.20, 22.14
1008,LPS,15,35,1019.17, 22.15
1009,LPS,15,35,1019.18, 22.15
1010,LPS,15,35,1019.22, 22.15
1011,LPS,15,35,1019.18, 22.15
1012,LPS,15,35,1019.18, 22.15
1013,LPS,15,35,1019.22, 22.15
1014,LPS,15,35,1019.20, 22.15
1015,LPS,15,35,1019.19, 22.15
1016,LPS,15,35,1019.23, 22.15
1017,LPS,15,35,1019.21, 22.14
1018,LPS,15,35,1019.20, 22.15
1019,LPS,15,35,1019.18, 22.14
1020,LPS,15,35,1019.20, 22.15
1021,LPS,15,35,1019.21, 22.14
1022,LPS,15,35,1019.19, 22.14
1023,LPS,15,35,1019.20, 22.14
1024,LPS,15,35,1019.20, 22.14
1025,LPS,15,35,1019.19, 22.15
1026,LPS,15,35,1019.17, 22.14
1027,LPS,15,35,1019.20, 22.15
1028,LPS,15,35,1019.19, 22.15
1029,LPS,15,35,1019.21, 22.15
1030,LPS,15,35,1019.21, 22.14
1031,LPS,15,35,1019.20, 22.15
1032,LPS,15,35,1019.19, 22.14
1033,LPS,15,35,1019.22, 22.15
1034,LPS,15,35,1019.20, 22.14
1035,LPS,15,35,1019.18, 22.15
1036,LPS,15,35,1019.21, 22.15
1037,LPS,15,35,1019.21, 22.15
1038,LPS,15,35,1019.24, 22.15
1039,LPS,15,35,1019.20, 22.15
1040,LPS,15,35,1019.21, 22.15
1041,LPS,15,35,1019.18, 22.15
1042,LPS,15,35,1019.20, 22.15
1043,LPS,15,35,1019.20, 22.15
1044,LPS,15,35,1019.22, 22.15
1045,LPS,15,35,1019.21, 22.14
1046,LPS,15,35,1019.19, 22.15
1047,LPS,15,35,1019.19, 22.14
1048,LPS,15,35,1019.20, 22.15
1049,LPS,15,35,1019.23, 22.15
1050,LPS,15,35,1019.22, 22.15
1051,LPS,15,35,1019.24, 22.14
1052,LPS,15,35,1019.19, 22.15
1053,LPS,15,35,1019.20, 22.15
1054,LPS,15,35,1019.22, 22.15
1055,LPS,15,35,1019.25, 22.15
1056,LPS,15,35,1019.21, 22.16
1057,LPS,15,35,1019.23, 22.15
1058,LPS,15,35,1019.25, 22.15
1059,LPS,15,35,1019.20, 22.15
1060,LPS,15,35,1019.16, 22.15
1061,LPS,15,35,1019.21, 22.15
1062,LPS,15,35,1019.25, 22.15
1063,LPS,15,35,1019.22, 22.16
1064,LPS,15,35,1019.25, 22.15
1065,LPS,15,35,1019.22, 22.15
1066,LPS,15,35,1019.26, 22.14
1067,LPS,15,35,1019.19, 22.15
1068,LPS,15,35,1019.23, 22.15
1069,LPS,15,35,1019.22, 22.15
1070,LPS,15,35,1019.23, 22.15
1071,LPS,15,35,1019.23, 22.15
1072,LPS,15,35,1019.23, 22.15
1073,LPS,15,35,1019.21, 22.16
1074,LPS,15,35,1019.22, 22.15
1075,LPS,15,35,1019.22, 22.15
1076,LPS,15,35,1019.23, 22.15
1077,LPS,15,35,1019.23, 22.15
1078,LPS,15,35,1019.20, 22.15
1079,LPS,15,35,1019.22, 22.16
1080,LPS,15,35,1019.23, 22.15
1081,LPS,15,35,1019.22, 22.15
1082,LPS,15,35,1019.22, 22.15
1083,LPS,15,35,1019.21, 22.15
1084,LPS,15,35,1019.23, 22.15
1085,LPS,15,35,1019.23, 22.15
1086,LPS,15,35,1019.24, 22.15
1087,LPS,15,35,1019.23, 22.15
1088,LPS,15,35,1019.23, 22.15
1089,LPS,15,35,1019.24, 22.15
1090,LPS,15,35,1019.22, 22.15
1091,LPS,15,35,1019.23, 22.15
1092,LPS,15,35,1019.21, 22.16
1093,LPS,15,35,1019.25, 22.15
1094,LPS,15,35,1019.22, 22.15
1095,LPS,15,35,1019.21, 22.15
1096,LPS,15,35,1019.23, 22.15
1097,LPS,15,35,1019.21, 22.15
1098,LPS,15,35,1019.23, 22.15
1099,LPS,15,35,1019.21, 22.15
1100,LPS,15,0,1019.21, 22.16
1101,LPS,15,0,1019.26, 22.16
1102,LPS,15,0,1019.26, 22.15
1103,LPS,15,0,1019.24, 22.16
1104,LPS,15,0,1019.25, 22.16
1105,LPS,15,0,1019.25, 22.16
1106,LPS,15,0,1019.26, 22.16
1107,LPS,15,0,1019.28, 22.16
1108,LPS,15,0,1019.26, 22.16
1109,LPS,15,0,1019.27, 22.16
1110,LPS,15,0,1019.26, 22.16
1111,LPS,15,0,1019.26, 22.16
1112,LPS,15,0,1019.25, 22.16
1113,LPS,15,0,1019.29, 22.16
1114,LPS,15,0,1019.25, 22.16
1115,LPS,15,0,1019.27, 22.15
1116,LPS,15,0,1019.24, 22.16
1117,LPS,15,0,1019.26, 22.16
1118,LPS,15,0,1019.28, 22.16
1119,LPS,15,0,1019.32, 22.16
1120,LPS,15,0,1019.27, 22.16
1121,LPS,15,0,1019.28, 22.15
1122,LPS,15,0,1019.23, 22.16
1123,LPS,15,0,1019.29, 22.16
1124,LPS,15,0,1019.26, 22.16
1125,LPS,15,0,1019.27, 22.16
1126,LPS,15,0,1019.25, 22.16
1127,LPS,15,0,1019.27, 22.16
1128,LPS,15,0,1019.26, 22.16
1129,LPS,15,0,1019.26, 22.16
1130,LPS,15,0,1019.29, 22.16
1131,LPS,15,0,1019.25, 22.16
1132,LPS,15,0,1019.31, 22.16
1133,LPS,15,0,1019.27, 22.16
1134,LPS,15,0,1019.27, 22.16
1135,LPS,15,0,1019.27, 22.16
1136,LPS,15,0,1019.28, 22.16
1137,LPS,15,0,1019.26, 22.16
1138,LPS,15,0,1019.27, 22.15
1139,LPS,15,0,1019.23, 22.16
1140,LPS,15,0,1019.28, 22.17
1141,LPS,15,0,1019.28, 22.16
1142,LPS,15,0,1019.29, 22.16
1143,LPS,15,0,1019.30, 22.16
1144,LPS,15,0,1019.28, 22.16
1145,LPS,15,0,1019.29, 22.16
1146,LPS,15,0,1019.28, 22.16
1147,LPS,15,0,1019.27, 22.16
1148,LPS,15,0,1019.27, 22.16
1149,LPS,15,0,1019.25, 22.16
1150,LPS,15,0,1019.27, 22.16
1151,LPS,15,0,1019.27, 22.16
1152,LPS,15,0,1019.29, 22.16
1153,LPS,15,0,1019.26, 22.16
1154,LPS,15,0,1019.27, 22.16
1155,LPS,15,0,1019.24, 22.16
1156,LPS,15,0,1019.27, 22.16
1157,LPS,15,0,1019.27, 22.16
1158,LPS,15,0,1019.26, 22.16
1159,LPS,15,0,1019.29, 22.17
1160,LPS,15,0,1019.28, 22.16
1161,LPS,15,0,1019.27, 22.17
1162,LPS,15,0,1019.31, 22.16
1163,LPS,15,0,1019.26, 22.16
1164,LPS,15,0,1019.31, 22.16
1165,LPS,15,0,1019.26, 22.16
1166,LPS,15,0,1019.25, 22.16
1167,LPS,15,0,1019.28, 22.16
1168,LPS,15,0,1019.28, 22.15
1169,LPS,15,0,1019.26, 22.16
1170,LPS,15,0,1019.29, 22.16
1171,LPS,15,0,1019.30, 22.16
1172,LPS,15,0,1019.29, 22.16
1173,LPS,15,0,1019.28, 22.16
1174,LPS,15,0,1019.30, 22.16
1175,LPS,15,0,1019.29, 22.16
1176,LPS,15,0,1019.28, 22.17
1177,LPS,15,0,1019.27, 22.17
1178,LPS,15,0,1019.31, 22.16
1179,LPS,15,0,1019.29, 22.17
1180,LPS,15,0,1019.28, 22.16
1181,LPS,15,0,1019.26, 22.17
1182,LPS,15,0,1019.31, 22.17
1183,LPS,15,0,1019.28, 22.16
1184,LPS,15,0,1019.27, 22.17
1185,LPS,15,0,1019.32, 22.16
1186,LPS,15,0,1019.27, 22.16
1187,LPS,15,0,1019.31, 22.16
1188,LPS,15,0,1019.29, 22.17
1189,LPS,15,0,1019.28, 22.17
1190,LPS,15,0,1019.31, 22.16
1191,LPS,15,0,1019.28, 22.16
1192,LPS,15,0,1019.29, 22.17
1193,LPS,15,0,1019.28, 22.16
1194,LPS,15,0,1019.28, 22.16
1195,LPS,15,0,1019.28, 22.16
1196,LPS,15,0,1019.29, 22.17
1197,LPS,15,0,1019.29, 22.17
1198,LPS,15,0,1019.31, 22.17
1199,LPS,15,0,1019.33, 22.17
1200,LPS,20,0,1019.28, 22.19
1201,LPS,20,0,1019.42, 22.19
1202,LPS,20,0,1019.39, 22.19
1203,LPS,20,0,1019.40, 22.20
1204,LPS,20,0,1019.44, 22.20
1205,LPS,20,0,1019.41, 22.19
1206,LPS,20,0,1019.44, 22.19
1207,LPS,20,0,1019.38, 22.19
1208,LPS,20,0,1019.39, 22.19
1209,LPS,20,0,1019.41, 22.19
1210,LPS,20,0,1019.42, 22.19
1211,LPS,20,0,1019.39, 22.20
1212,LPS,20,0,1019.40, 22.20
1213,LPS,20,0,1019.41, 22.20
1214,LPS,20,0,1019.42, 22.20
1215,LPS,20,0,1019.43, 22.19
1216,LPS,20,0,1019.39, 22.19
1217,LPS,20,0,1019.42, 22.20
1218,LPS,20,0,1019.42, 22.19
1219,LPS,20,0,1019.40, 22.19
1220,LPS,20,0,1019.42, 22.20
1221,LPS,20,0,1019.43, 22.20
1222,LPS,20,0,1019.41, 22.20
1223,LPS,20,0,1019.40, 22.20
1224,LPS,20,0,1019.42, 22.20
1225,LPS,20,0,1019.43, 22.20
1226,LPS,20,0,1019.46, 22.20
1227,LPS,20,0,1019.43, 22.20
1228,LPS,20,0,1019.44, 22.19
1229,LPS,20,0,1019.44, 22.20
1230,LPS,20,0,1019.44, 22.19
1231,LPS,20,0,1019.40, 22.20
1232,LPS,20,0,1019.43, 22.20
1233,LPS,20,0,1019.43, 22.20
1234,LPS,20,0,1019.40, 22.20
1235,LPS,20,0,1019.43, 22.20
1236,LPS,20,0,1019.42, 22.19
1237,LPS,20,0,1019.39, 22.20
1238,LPS,20,0,1019.44, 22.20
1239,LPS,20,0,1019.44, 22.20
1240,LPS,20,0,1019.44, 22.20
1241,LPS,20,0,1019.44, 22.20
1242,LPS,20,0,1019.43, 22.20
1243,LPS,20,0,1019.44, 22.20
1244,LPS,20,0,1019.42, 22.20
1245,LPS,20,0,1019.45, 22.20
1246,LPS,20,0,1019.41, 22.20
1247,LPS,20,0,1019.45, 22.21
1248,LPS,20,0,1019.46, 22.20
1249,LPS,20,0,1019.43, 22.20
1250,LPS,20,0,1019.44, 22.21
1251,LPS,20,0,1019.44, 22.21
1252,LPS,20,0,1019.41, 22.21
1253,LPS,20,0,1019.46, 22.21
1254,LPS,20,0,1019.44, 22.21
1255,LPS,20,0,1019.45, 22.21
1256,LPS,20,0,1019.48, 22.21
1257,LPS,20,0,1019.45, 22.21
1258,LPS,20,0,1019.48, 22.21
1259,LPS,20,0,1019.48, 22.21
1260,LPS,20,0,1019.45, 22.21
1261,LPS,20,0,1019.44, 22.21
1262,LPS,20,0,1019.48, 22.21
1263,LPS,20,0,1019.48, 22.21
1264,LPS,20,0,1019.46, 22.21
1265,LPS,20,0,1019.46, 22.21
1266,LPS,20,0,1019.47, 22.21
1267,LPS,20,0,1019.48, 22.21
1268,LPS,20,0,1019.48, 22.21
1269,LPS,20,0,1019.45, 22.21
1270,LPS,20,0,1019.45, 22.21
1271,LPS,20,0,1019.48, 22.21
1272,LPS,20,0,1019.44, 22.21
1273,LPS,20,0,1019.47, 22.21
1274,LPS,20,0,1019.47, 22.21
1275,LPS,20,0,1019.47, 22.21
1276,LPS,20,0,1019.47, 22.21
1277,LPS,20,0,1019.50, 22.21
1278,LPS,20,0,1019.47, 22.22
1279,LPS,20,0,1019.51, 22.21
1280,LPS,20,0,1019.46, 22.22
1281,LPS,20,0,1019.50, 22.22
1282,LPS,20,0,1019.50, 22.21
1283,LPS,20,0,1019.48, 22.22
1284,LPS,20,0,1019.47, 22.22
1285,LPS,20,0,1019.50, 22.22
1286,LPS,20,0,1019.47, 22.22
1287,LPS,20,0,1019.46, 22.22
1288,LPS,20,0,1019.50, 22.22
1289,LPS,20,0,1019.47, 22.22
1290,LPS,20,0,1019.48, 22.22
1291,LPS,20,0,1019.47, 22.22
1292,LPS,20,0,1019.49, 22.22
1293,LPS,20,0,1019.50, 22.22
1294,LPS,20,0,1019.47, 22.22
1295,LPS,20,0,1019.48, 22.22
1296,LPS,20,0,1019.49, 22.22
1297,LPS,20,0,1019.53, 22.22
1298,LPS,20,0,1019.47, 22.22
1299,LPS,20,0,1019.49, 22.22
1300,LPS,20,35,1019.53, 22.24
1301,LPS,20,35,1019.59, 22.24
1302,LPS,20,35,1019.60, 22.24
1303,LPS,20,35,1019.60, 22.25
1304,LPS,20,35,1019.57, 22.24
1305,LPS,20,35,1019.57, 22.24
1306,LPS,20,35,1019.58, 22.24
1307,LPS,20,35,1019.60, 22.24
1308,LPS,20,35,1019.60, 22.24
1309,LPS,20,35,1019.62, 22.25
1310,LPS,20,35,1019.61, 22.25
1311,LPS,20,35,1019.59, 22.24
1312,LPS,20,35,1019.60, 22.24
1313,LPS,20,35,1019.62, 22.24
1314,LPS,20,35,1019.62, 22.25
1315,LPS,20,35,1019.61, 22.24
1316,LPS,20,35,1019.61, 22.25
1317,LPS,20,35,1019.59, 22.25
1318,LPS,20,35,1019.65, 22.25
1319,LPS,20,35,1019.64, 22.25
1320,LPS,20,35,1019.62, 22.24
1321,LPS,20,35,1019.59, 22.25
1322,LPS,20,35,1019.63, 22.25
1323,LPS,20,35,1019.61, 22.25
1324,LPS,20,35,1019.61, 22.25
1325,LPS,20,35,1019.60, 22.24
1326,LPS,20,35,1019.60, 22.25
1327,LPS,20,35,1019.60, 22.25
1328,LPS,20,35,1019.64, 22.24
1329,LPS,20,35,1019.59, 22.24
1330,LPS,20,35,1019.61, 22.25
1331,LPS,20,35,1019.60, 22.25
1332,LPS,20,35,1019.63, 22.25
1333,LPS,20,35,1019.64, 22.25
1334,LPS,20,35,1019.62, 22.25
1335,LPS,20,35,1019.64, 22.24
1336,LPS,20,35,1019.61, 22.25
1337,LPS,20,35,1019.61, 22.25
1338,LPS,20,35,1019.63, 22.25
1339,LPS,20,35,1019.63, 22.25
1340,LPS,20,35,1019.64, 22.25
1341,LPS,20,35,1019.66, 22.25
1342,LPS,20,35,1019.65, 22.25
1343,LPS,20,35,1019.61, 22.25
1344,LPS,20,35,1019.62, 22.25
1345,LPS,20,35,1019.61, 22.25
1346,LPS,20,35,1019.67, 22.25
1347,LPS,20,35,1019.65, 22.25
1348,LPS,20,35,1019.63, 22.25
1349,LPS,20,35,1019.63, 22.25
1350,LPS,20,35,1019.65, 22.25
1351,LPS,20,35,1019.65, 22.26
1352,LPS,20,35,1019.66, 22.26
1353,LPS,20,35,1019.67, 22.25
1354,LPS,20,35,1019.66, 22.25
1355,LPS,20,35,1019.65, 22.26
1356,LPS,20,35,1019.67, 22.25
1357,LPS,20,35,1019.64, 22.26
1358,LPS,20,35,1019.67, 22.26
1359,LPS,20,35,1019.65, 22.25
1360,LPS,20,35,1019.64, 22.26
1361,LPS,20,35,1019.67, 22.26
1362,LPS,20,35,1019.67, 22.26
1363,LPS,20,35,1019.66, 22.26
1364,LPS,20,35,1019.69, 22.26
1365,LPS,20,35,1019.67, 22.25
1366,LPS,20,35,1019.64, 22.26
1367,LPS,20,35,1019.66, 22.25
1368,LPS,20,35,1019.64, 22.25
1369,LPS,20,35,1019.66, 22.25
1370,LPS,20,35,1019.64, 22.26
1371,LPS,20,35,1019.66, 22.25
1372,LPS,20,35,1019.68, 22.25
1373,LPS,20,35,1019.68, 22.25
1374,LPS,20,35,1019.66, 22.26
1375,LPS,20,35,1019.69, 22.26
1376,LPS,20,35,1019.70, 22.25
1377,LPS,20,35,1019.67, 22.26
1378,LPS,20,35,1019.66, 22.25
1379,LPS,20,35,1019.65, 22.26
1380,LPS,20,35,1019.68, 22.26
1381,LPS,20,35,1019.67, 22.26
1382,LPS,20,35,1019.64, 22.25
1383,LPS,20,35,1019.65, 22.26
1384,LPS,20,35,1019.67, 22.26
1385,LPS,20,35,1019.67, 22.26
1386,LPS,20,35,1019.65, 22.26
1387,LPS,20,35,1019.68, 22.26
1388,LPS,20,35,1019.68, 22.26
1389,LPS,20,35,1019.67, 22.26
1390,LPS,20,35,1019.68, 22.26
1391,LPS,20,35,1019.68, 22.26
1392,LPS,20,35,1019.68, 22.26
1393,LPS,20,35,1019.69, 22.26
1394,LPS,20,35,1019.65, 22.27
1395,LPS,20,35,1019.70, 22.26
1396,LPS,20,35,1019.69, 22.27
1397,LPS,20,35,1019.70, 22.27
1398,LPS,20,35,1019.71, 22.27
1399,LPS,20,35,1019.69, 22.27
1400,LPS,20,0,1019.73, 22.28
1401,LPS,20,0,1019.75, 22.28
1402,LPS,20,0,1019.75, 22.28
1403,LPS,20,0,1019.76, 22.27
1404,LPS,20,0,1019.73, 22.27
1405,LPS,20,0,1019.69, 22.28
1406,LPS,20,0,1019.73, 22.28
1407,LPS,20,0,1019.77, 22.27
1408,LPS,20,0,1019.75, 22.28
1409,LPS,20,0,1019.76, 22.28
1410,LPS,20,0,1019.74, 22.27
1411,LPS,20,0,1019.72, 22.28
1412,LPS,20,0,1019.74, 22.28
1413,LPS,20,0,1019.74, 22.28
1414,LPS,20,0,1019.77, 22.28
1415,LPS,20,0,1019.77, 22.28
1416,LPS,20,0,1019.77, 22.28
1417,LPS,20,0,1019.78, 22.28
1418,LPS,20,0,1019.78, 22.28
1419,LPS,20,0,1019.77, 22.28
1420,LPS,20,0,1019.79, 22.28
1421,LPS,20,0,1019.74, 22.28
1422,LPS,20,0,1019.78, 22.28
1423,LPS,20,0,1019.74, 22.28
1424,LPS,20,0,1019.76, 22.28
1425,LPS,20,0,1019.75, 22.28
1426,LPS,20,0,1019.77, 22.27
1427,LPS,20,0,1019.75, 22.28
1428,LPS,20,0,1019.75, 22.29
1429,LPS,20,0,1019.79, 22.28
1430,LPS,20,0,1019.76, 22.29
1431,LPS,20,0,1019.78, 22.28
1432,LPS,20,0,1019.77, 22.29
1433,LPS,20,0,1019.79, 22.29
1434,LPS,20,0,1019.76, 22.28
1435,LPS,20,0,1019.74, 22.29
1436,LPS,20,0,1019.77, 22.29
1437,LPS,20,0,1019.77, 22.29
1438,LPS,20,0,1019.79, 22.28
1439,LPS,20,0,1019.77, 22.29
1440,LPS,20,0,1019.79, 22.28
1441,LPS,20,0,1019.79, 22.29
1442,LPS,20,0,1019.79, 22.28
1443,LPS,20,0,1019.78, 22.29
1444,LPS,20,0,1019.80, 22.29
1445,LPS,20,0,1019.81, 22.29
1446,LPS,20,0,1019.78, 22.29
1447,LPS,20,0,1019.80, 22.29
1448,LPS,20,0,1019.78, 22.28
1449,LPS,20,0,1019.79, 22.29
1450,LPS,20,0,1019.77, 22.29
1451,LPS,20,0,1019.79, 22.29
1452,LPS,20,0,1019.79, 22.29
1453,LPS,20,0,1019.78, 22.29
1454,LPS,20,0,1019.82, 22.28
1455,LPS,20,0,1019.79, 22.29
1456,LPS,20,0,1019.78, 22.28
1457,LPS,20,0,1019.77, 22.29
1458,LPS,20,0,1019.78, 22.29
1459,LPS,20,0,1019.77, 22.28
1460,LPS,20,0,1019.77, 22.29
1461,LPS,20,0,1019.84, 22.29
1462,LPS,20,0,1019.79, 22.28
1463,LPS,20,0,1019.78, 22.29
1464,LPS,20,0,1019.79, 22.29
1465,LPS,20,0,1019.79, 22.28
1466,LPS,20,0,1019.78, 22.29
1467,LPS,20,0,1019.74, 22.29
1468,LPS,20,0,1019.80, 22.28
1469,LPS,20,0,1019.80, 22.29
1470,LPS,20,0,1019.82, 22.29
1471,LPS,20,0,1019.77, 22.29
1472,LPS,20,0,1019.80, 22.29
1473,LPS,20,0,1019.80, 22.29
1474,LPS,20,0,1019.83, 22.29
1475,LPS,20,0,1019.82, 22.29
1476,LPS,20,0,1019.83, 22.29
1477,LPS,20,0,1019.82, 22.28
1478,LPS,20,0,1019.79, 22.29
1479,LPS,20,0,1019.78, 22.29
1480,LPS,20,0,1019.82, 22.29
1481,LPS,20,0,1019.79, 22.29
1482,LPS,20,0,1019.78, 22.29
1483,LPS,20,0,1019.81, 22.29
1484,LPS,20,0,1019.81, 22.29
1485,LPS,20,0,1019.82, 22.29
1486,LPS,20,0,1019.82, 22.29
1487,LPS,20,0,1019.80, 22.29
1488,LPS,20,0,1019.79, 22.29
1489,LPS,20,0,1019.80, 22.29
1490,LPS,20,0,1019.84, 22.29
1491,LPS,20,0,1019.81, 22.29
1492,LPS,20,0,1019.81, 22.29
1493,LPS,20,0,1019.79, 22.30
1494,LPS,20,0,1019.84, 22.29
1495,LPS,20,0,1019.83, 22.29
1496,LPS,20,0,1019.83, 22.29
1497,LPS,20,0,1019.82, 22.30
1498,LPS,20,0,1019.84, 22.29
1499,LPS,20,0,1019.83, 22.30
